{"1e2^0.5": 1.8214567059384117, "1e2^1.0": 1.9759380327238525, "1e2^1.5": 2.102323861012617, "1e2^2.0": 2.1761555560573207, "1e2^2.5": 2.2124206008275467, "1e2^3.0": 2.2335689682137247, "1e2^3.5": 2.247856048758091, "1e2^4.0": 2.259183304976668, "1e3^0.5": 1.6388893872841197, "1e3^1.0": 1.6026410743997894, "1e3^1.5": 1.6602215996205534, "1e3^2.0": 1.7517702592235433, "1e3^2.5": 1.8495936778482231, "1e3^3.0": 1.9384834314706267, "1e3^3.5": 2.05547802370851, "1e3^4.0": 2.230805441219707, "2e3^0.5": 1.7357547953702066, "2e3^1.0": 1.8019808383075646, "2e3^1.5": 1.9161905347262942, "2e3^2.0": 2.0351089833836844, "2e3^2.5": 2.2729015040912497, "2e3^3.0": 2.64502199873044, "2e3^3.5": 2.9329399377322503, "2e3^4.0": 3.1281738469657405, "3e3^0.5": 1.8241019632339515, "3e3^1.0": 1.9391428119310838, "3e3^1.5": 2.0689524666072336, "3e3^2.0": 2.385334077083526, "3e3^2.5": 2.8161863477841216, "3e3^3.0": 3.058244609976998, "3e3^3.5": 3.262720844272724, "3e3^4.0": 3.503808738323871, "1e4^0.5": 1.76817227573301, "1e4^1.0": 1.6152576022020246, "1e4^1.5": 1.588505812611551, "1e4^2.0": 1.6153364087063753, "1e4^2.5": 1.6551925047737934, "1e4^3.0": 1.7173343634858638, "1e4^3.5": 1.812240339456712, "1e4^4.0": 1.9161695999198698, "2e4^0.5": 1.667166234478153, "2e4^1.0": 1.6516349344331918, "2e4^1.5": 1.7365854230394917, "2e4^2.0": 1.8902012689984344, "2e4^2.5": 2.092203079121383, "2e4^3.0": 2.317067937362622, "2e4^3.5": 2.576615163366922, "2e4^4.0": 2.879296413865912, "3e4^0.5": 1.7011629559629426, "3e4^1.0": 1.7703695947207743, "3e4^1.5": 1.9700039945062353, "3e4^2.0": 2.243344557028207, "3e4^2.5": 2.564189068315194, "3e4^3.0": 2.8996361034561233, "3e4^3.5": 3.202327480969393, "3e4^4.0": 3.4345622883630798, "4e4^0.5": 1.7649289147040141, "4e4^1.0": 1.8970092784953494, "4e4^1.5": 2.1935526131227197, "4e4^2.0": 2.5361018484001154, "4e4^2.5": 2.9056192001001966, "4e4^3.0": 3.248563935067712, "4e4^3.5": 3.5538103735828512, "4e4^4.0": 3.8498262704864863, "5e4^0.5": 1.8291484536820124, "5e4^1.0": 2.019563727727623, "5e4^1.5": 2.3655523996322074, "5e4^2.0": 2.790961934635876, "5e4^2.5": 3.178857463361777, "5e4^3.0": 3.557506156510285, "5e4^3.5": 3.893174188981503, "5e4^4.0": 4.247076680834558, "6e4^0.5": 1.8794863236241326, "6e4^1.0": 2.1367300477360285, "6e4^1.5": 2.5616536631359197, "6e4^2.0": 2.977929053228577, "6e4^2.5": 3.449130798410438, "6e4^3.0": 3.904212501119509, "6e4^3.5": 4.37031398271938, "6e4^4.0": 4.860040766076194, "1e5^0.5": 1.9865227829173588, "1e5^1.0": 1.7156778165016073, "1e5^1.5": 1.6354887190287324, "1e5^2.0": 1.6135459134174077, "1e5^2.5": 1.6517441350473374, "1e5^3.0": 1.7308844825294136, "1e5^3.5": 1.8257192023567868, "1e5^4.0": 1.9213404624468255, "2e5^0.5": 1.740624916498038, "2e5^1.0": 1.6411225797227902, "2e5^1.5": 1.7229801177395938, "2e5^2.0": 1.8885253525881969, "2e5^2.5": 2.0837923356431056, "2e5^3.0": 2.263602743564068, "2e5^3.5": 2.4241652696367324, "2e5^4.0": 2.669191094276637, "3e5^0.5": 1.6955510129963727, "3e5^1.0": 1.7277479176063282, "3e5^1.5": 1.9529958654909354, "3e5^2.0": 2.21970916547709, "3e5^2.5": 2.460912053678943, "3e5^3.0": 2.82907544405623, "3e5^3.5": 3.1456169230278643, "3e5^4.0": 3.388856133918932, "4e5^0.5": 1.7064337040887048, "4e5^1.0": 1.8778271610965442, "4e5^1.5": 2.1844302593673772, "4e5^2.0": 2.4823932842394347, "4e5^2.5": 2.9147982433517674, "4e5^3.0": 3.240407367558898, "4e5^3.5": 3.5392866816103647, "4e5^4.0": 3.9171111639932175, "5e5^0.5": 1.7503002190146424, "5e5^1.0": 2.0088751299498777, "5e5^1.5": 2.3880071115089, "5e5^2.0": 2.800200734690048, "5e5^2.5": 3.2156913433113816, "5e5^3.0": 3.513219510295416, "5e5^3.5": 3.9096700181355537, "5e5^4.0": 4.2350212154178175, "6e5^0.5": 1.7933099127637262, "6e5^1.0": 2.145382644302016, "6e5^1.5": 2.563628552280691, "6e5^2.0": 3.029399716153618, "6e5^2.5": 3.4403213992371056, "6e5^3.0": 3.873628413715114, "6e5^3.5": 4.230234053320284, "6e5^4.0": 4.77083737939977, "7e5^0.5": 1.8495592566533259, "7e5^1.0": 2.2681692025535263, "7e5^1.5": 2.7202100626605072, "7e5^2.0": 3.2207754001164943, "7e5^2.5": 3.6576301707762404, "7e5^3.0": 4.1162447419620465, "7e5^3.5": 4.717003342272424, "7e5^4.0": 4.85579122622983, "8e5^0.5": 1.8995249270705372, "8e5^1.0": 2.3512222056168595, "8e5^1.5": 2.866248588613009, "8e5^2.0": 3.446843233992873, "8e5^2.5": 3.9391374945016526, "8e5^3.0": 4.539194920933744, "8e5^3.5": 4.996709920389122, "8e5^4.0": 5.050830682282628, "9e5^0.5": 1.9545802391499874, "9e5^1.0": 2.4281113119164552, "9e5^1.5": 3.017581490429799, "9e5^2.0": 3.673778310840489, "9e5^2.5": 4.233431772805162, "9e5^3.0": 4.888681691785514, "9e5^3.5": 5.021838534832186, "9e5^4.0": 5.021080419492799, "10e5^0.5": 2.0031062425730863, "10e5^1.0": 2.547224795755845, "10e5^1.5": 3.1508100218725272, "10e5^2.0": 3.7915785594596363, "10e5^2.5": 4.299053618319836, "10e5^3.0": 5.024893724770024, "10e5^3.5": 4.895826522588772, "10e5^4.0": 5.254450176148531}