{"1e2^0.5": 1.7476516910765043, "1e2^1.0": 1.8581414059130306, "1e2^1.5": 1.961774537215886, "1e2^2.0": 2.0079300443795427, "1e2^2.5": 2.0269066510711156, "1e2^3.0": 2.0433929098872046, "1e2^3.5": 2.042173156329014, "1e2^4.0": 2.0407171843938396, "1e3^0.5": 1.6162461399124088, "1e3^1.0": 1.583519705933042, "1e3^1.5": 1.6455801509448515, "1e3^2.0": 1.7311362221293933, "1e3^2.5": 1.8346833047940978, "1e3^3.0": 1.9592176797934115, "1e3^3.5": 2.0523082934961683, "1e3^4.0": 2.158073666473437, "2e3^0.5": 1.6717625728129737, "2e3^1.0": 1.7306626073829843, "2e3^1.5": 1.8571542858362697, "2e3^2.0": 1.9926595600735124, "2e3^2.5": 2.1549058459230745, "2e3^3.0": 2.2688070099967805, "2e3^3.5": 2.3743069059297373, "2e3^4.0": 2.4615002790534617, "3e3^0.5": 1.7354018271410006, "3e3^1.0": 1.846719878299989, "3e3^1.5": 1.983848815319251, "3e3^2.0": 2.146738978581372, "3e3^2.5": 2.287069251689821, "3e3^3.0": 2.423659009556612, "3e3^3.5": 2.5890944973174816, "3e3^4.0": 2.7604062446497575, "1e4^0.5": 1.7181575989239666, "1e4^1.0": 1.5802030706297947, "1e4^1.5": 1.5643419061463615, "1e4^2.0": 1.5924371245426168, "1e4^2.5": 1.6656834360882082, "1e4^3.0": 1.7072019449960485, "1e4^3.5": 1.7926965903172998, "1e4^4.0": 1.8937869710254844, "2e4^0.5": 1.6367870396594664, "2e4^1.0": 1.6348890188094298, "2e4^1.5": 1.7206644555125492, "2e4^2.0": 1.8548443081341974, "2e4^2.5": 2.048477508719045, "2e4^3.0": 2.305819555605634, "2e4^3.5": 2.593060404229761, "2e4^4.0": 2.823991525820786, "3e4^0.5": 1.6638545114651255, "3e4^1.0": 1.7614996493733341, "3e4^1.5": 1.9007275609621392, "3e4^2.0": 2.147042946687054, "3e4^2.5": 2.431535201707664, "3e4^3.0": 2.7134840321289304, "3e4^3.5": 3.021129864219337, "3e4^4.0": 3.214477064489594, "4e4^0.5": 1.7122520954528888, "4e4^1.0": 1.826773548991745, "4e4^1.5": 2.067095672763051, "4e4^2.0": 2.377463272272, "4e4^2.5": 2.6773178109985816, "4e4^3.0": 2.960438427033326, "4e4^3.5": 3.190914972350197, "4e4^4.0": 3.380275618010534, "5e4^0.5": 1.7494329762047311, "5e4^1.0": 1.8966240615242291, "5e4^1.5": 2.2122508902393476, "5e4^2.0": 2.5834556891334843, "5e4^2.5": 2.954183905630412, "5e4^3.0": 3.264242974710485, "5e4^3.5": 3.547316688996621, "5e4^4.0": 3.811371975723775, "6e4^0.5": 1.7846500146331417, "6e4^1.0": 1.9821484180259907, "6e4^1.5": 2.3743145874817584, "6e4^2.0": 2.7941621471840183, "6e4^2.5": 3.1824537855961785, "6e4^3.0": 3.5575370773914505, "6e4^3.5": 3.8424527639330517, "6e4^4.0": 4.1477663402104055, "1e5^0.5": 1.900946884449466, "1e5^1.0": 1.6649289989355822, "1e5^1.5": 1.5932673001669784, "1e5^2.0": 1.5817058787116491, "1e5^2.5": 1.6162313676619324, "1e5^3.0": 1.7077206570234533, "1e5^3.5": 1.8116840421652476, "1e5^4.0": 1.921755198064826, "2e5^0.5": 1.6932915264443766, "2e5^1.0": 1.6189971023997622, "2e5^1.5": 1.6978520161380102, "2e5^2.0": 1.894942033031782, "2e5^2.5": 2.101209420352174, "2e5^3.0": 2.2980031595662247, "2e5^3.5": 2.5322930063999034, "2e5^4.0": 2.7291349286365607, "3e5^0.5": 1.6576418663968773, "3e5^1.0": 1.6957880981818427, "3e5^1.5": 1.9640111399420626, "3e5^2.0": 2.2351547234141806, "3e5^2.5": 2.5287078530157676, "3e5^3.0": 2.763332132242047, "3e5^3.5": 2.9984719326543607, "3e5^4.0": 3.2697930768509322, "4e5^0.5": 1.674702152115466, "4e5^1.0": 1.860512807418769, "4e5^1.5": 2.1952050572358743, "4e5^2.0": 2.5581349352713088, "4e5^2.5": 2.85546528593688, "4e5^3.0": 3.168348379418665, "4e5^3.5": 3.4248277178798863, "4e5^4.0": 3.693949357898346, "5e5^0.5": 1.727607641497899, "5e5^1.0": 1.999910059949724, "5e5^1.5": 2.3993479800420645, "5e5^2.0": 2.796732440627525, "5e5^2.5": 3.154434960162066, "5e5^3.0": 3.427973436168557, "5e5^3.5": 3.7578396847464126, "5e5^4.0": 3.9991913547080786, "6e5^0.5": 1.7399387248906688, "6e5^1.0": 2.124172836071559, "6e5^1.5": 2.60496738259737, "6e5^2.0": 3.0250702808166148, "6e5^2.5": 3.3137922656551626, "6e5^3.0": 3.664011872746346, "6e5^3.5": 3.9393290162697876, "6e5^4.0": 4.166098210960244, "7e5^0.5": 1.7825537911837372, "7e5^1.0": 2.230438051825237, "7e5^1.5": 2.7406365268821915, "7e5^2.0": 3.1716660801812147, "7e5^2.5": 3.52359966114866, "7e5^3.0": 3.8869404672129297, "7e5^3.5": 4.164654150376202, "7e5^4.0": 4.379804719434334, "8e5^0.5": 1.8255437404828856, "8e5^1.0": 2.3224970391433724, "8e5^1.5": 2.862716018233695, "8e5^2.0": 3.345411609087204, "8e5^2.5": 3.808388611050985, "8e5^3.0": 4.133348822511929, "8e5^3.5": 4.361768072516578, "8e5^4.0": 4.46891995319715, "9e5^0.5": 1.8638955962294375, "9e5^1.0": 2.441835376842358, "9e5^1.5": 3.045924535809641, "9e5^2.0": 3.6000267839003577, "9e5^2.5": 4.083313642761106, "9e5^3.0": 4.298363665548581, "9e5^3.5": 4.528044109896904, "9e5^4.0": 4.834704130156278, "10e5^0.5": 1.900974740219056, "10e5^1.0": 2.5690593675128572, "10e5^1.5": 3.193498623825404, "10e5^2.0": 3.834596708766263, "10e5^2.5": 4.268308117999338, "10e5^3.0": 4.6310066746845475, "10e5^3.5": 4.821573948349817, "10e5^4.0": 5.157501003944627}