{"0": {"roc_auc": 0.6968921191048938, "sculpt_metric": 0.06653462105168827}, "1": {"roc_auc": 0.7316849121848789, "sculpt_metric": 0.17965498375020858}, "2": {"roc_auc": 0.7018382210218568, "sculpt_metric": 0.0753919835681465}, "3": {"roc_auc": 0.6955751728595052, "sculpt_metric": 0.060212771574082134}, "4": {"roc_auc": 0.6971776192897767, "sculpt_metric": 0.06417412801875272}, "5": {"roc_auc": 0.7267865251784515, "sculpt_metric": 0.16264665499325895}, "6": {"roc_auc": 0.6933837994140583, "sculpt_metric": 0.09175315588874153}, "7": {"roc_auc": 0.6959794706185275, "sculpt_metric": 0.09157525011345788}, "8": {"roc_auc": 0.698504695258665, "sculpt_metric": 0.13062073424228887}, "9": {"roc_auc": 0.7286996519254776, "sculpt_metric": 0.15941244230466864}, "10": {"roc_auc": 0.7288971741035781, "sculpt_metric": 0.1778169834955193}, "11": {"roc_auc": 0.7286938647719136, "sculpt_metric": 0.16313341323227706}, "12": {"roc_auc": 0.6921742921793855, "sculpt_metric": 0.09751167361735281}, "13": {"roc_auc": 0.6959522822327338, "sculpt_metric": 0.13557596481003598}, "14": {"roc_auc": 0.6950345263469965, "sculpt_metric": 0.09908583219861859}, "15": {"roc_auc": 0.7056483950193275, "sculpt_metric": 0.1467727132737242}, "16": {"roc_auc": 0.6428723099473058, "sculpt_metric": 0.0354641000124379}, "17": {"roc_auc": 0.6463150797254299, "sculpt_metric": 0.0344892842334393}, "18": {"roc_auc": 0.6526673015529619, "sculpt_metric": 0.0606221442697734}, "19": {"roc_auc": 0.7094516850210081, "sculpt_metric": 0.15088156665017596}, "20": {"roc_auc": 0.7046616762233822, "sculpt_metric": 0.14305377810104553}, "21": {"roc_auc": 0.7068114676161941, "sculpt_metric": 0.15119962852846378}, "22": {"roc_auc": 0.6437408857871566, "sculpt_metric": 0.020245846775984195}, "23": {"roc_auc": 0.6577205014389191, "sculpt_metric": 0.026475961745897267}, "24": {"roc_auc": 0.6493085809539926, "sculpt_metric": 0.02354003817312006}, "25": {"roc_auc": 0.699837380522707, "sculpt_metric": 0.11265533235873858}, "26": {"roc_auc": 0.6990475447643961, "sculpt_metric": 0.13632417360097188}, "27": {"roc_auc": 0.7009726813348202, "sculpt_metric": 0.1353716287459099}, "28": {"roc_auc": 0.6528980793565718, "sculpt_metric": 0.02744093532796782}, "29": {"roc_auc": 0.6565458606543503, "sculpt_metric": 0.02986331316043365}, "30": {"roc_auc": 0.6453967259755132, "sculpt_metric": 0.04033564725561304}, "31": {"roc_auc": 0.6985480235904298, "sculpt_metric": 0.11453839497221337}, "32": {"roc_auc": 0.7001598456186162, "sculpt_metric": 0.12323154169291936}, "33": {"roc_auc": 0.6977550644641147, "sculpt_metric": 0.12870191117346297}, "34": {"roc_auc": 0.6547185812552112, "sculpt_metric": 0.038850226415279875}, "35": {"roc_auc": 0.7319431765306412, "sculpt_metric": 0.1636451824757266}, "36": {"roc_auc": 0.6761828363753293, "sculpt_metric": 0.03629833568139836}, "37": {"roc_auc": 0.6541514156500523, "sculpt_metric": 0.02455244452237787}, "38": {"roc_auc": 0.6475498392699207, "sculpt_metric": 0.032256941141902695}, "39": {"roc_auc": 0.7342195912388285, "sculpt_metric": 0.17745254381285408}, "40": {"roc_auc": 0.7287717388374431, "sculpt_metric": 0.16879765793388588}, "41": {"roc_auc": 0.7318639249112108, "sculpt_metric": 0.16749533198399538}, "42": {"roc_auc": 0.6740380633559743, "sculpt_metric": 0.033040313103143426}, "43": {"roc_auc": 0.6755178648958866, "sculpt_metric": 0.034555068134447656}, "44": {"roc_auc": 0.6548053326113996, "sculpt_metric": 0.026759425499482386}, "45": {"roc_auc": 0.7317616710375595, "sculpt_metric": 0.17634526938516942}, "46": {"roc_auc": 0.7282522194669794, "sculpt_metric": 0.1726640452032013}, "47": {"roc_auc": 0.7254325012427099, "sculpt_metric": 0.22047042313145587}, "48": {"roc_auc": 0.6781879670198264, "sculpt_metric": 0.05991578127328743}, "49": {"roc_auc": 0.6717206513233484, "sculpt_metric": 0.04031158667657545}, "50": {"roc_auc": 0.6475735350686471, "sculpt_metric": 0.11358452190069966}, "51": {"roc_auc": 0.7289781989202039, "sculpt_metric": 0.1645080279260625}, "52": {"roc_auc": 0.7250703048109444, "sculpt_metric": 0.2574737514360522}, "53": {"roc_auc": 0.7279211908666144, "sculpt_metric": 0.1989389530848393}, "54": {"roc_auc": 0.6759835745560497, "sculpt_metric": 0.06768181148936069}, "55": {"roc_auc": 0.6899477040897517, "sculpt_metric": 0.09596491010939452}, "56": {"roc_auc": 0.682361152982898, "sculpt_metric": 0.09420077070668624}, "57": {"roc_auc": 0.6869024506071321, "sculpt_metric": 0.11115354201548502}, "58": {"roc_auc": 0.6503540763144696, "sculpt_metric": 0.033715513707306584}, "59": {"roc_auc": 0.6522269935297708, "sculpt_metric": 0.02784452377982515}, "60": {"roc_auc": 0.6450571100761268, "sculpt_metric": 0.014215410198243114}, "61": {"roc_auc": 0.6873373154814845, "sculpt_metric": 0.10008932143797199}, "62": {"roc_auc": 0.6938665149991656, "sculpt_metric": 0.11026391132865519}, "63": {"roc_auc": 0.6850239865214027, "sculpt_metric": 0.19958847513936673}, "64": {"roc_auc": 0.6517086239940307, "sculpt_metric": 0.024740994681694252}, "65": {"roc_auc": 0.6928703662547645, "sculpt_metric": 0.08642960432161204}, "66": {"roc_auc": 0.6925588972111267, "sculpt_metric": 0.09561882600655376}, "67": {"roc_auc": 0.6889145677508849, "sculpt_metric": 0.12505231387887036}, "68": {"roc_auc": 0.6515847562597148, "sculpt_metric": 0.029972320138711043}, "69": {"roc_auc": 0.6954670113409231, "sculpt_metric": 0.0945761297345748}}