{"qcd": {"qcd_300to470": 6833.0, "qcd_470to600": 549.5, "qcd_600to800": 156.5, "qcd_800to1000": 26.22, "qcd_1000to1400": 7.475, "qcd_1400to1800": 0.6482, "qcd_1800to2400": 0.08742, "qcd_2400to3200": 0.005237, "qcd_3200toInf": 0.0001353}, "wqq": {"wqq_400to600": 277.0, "wqq_600to800": 59.06, "wqq_800toInf": 28.75}, "zqq": {"zqq_400to600": 114.5, "zqq_600to800": 25.41, "zqq_800toInf": 12.91}, "ttboosted": {"ttboosted_700to1000": 64.55, "ttboosted_1000toInf": 16.45}, "hbb": 0.27395244, "hgg": 0.471, "singletop": 7.104, "ww": 75.83, "zz": 12.14, "wz": 27.56}